-- MySQL Script generated by MySQL Workbench
-- Mon Feb 26 22:59:52 2018
-- Model: New Model    Version: 1.0
-- MySQL Workbench Forward Engineering

SET @OLD_UNIQUE_CHECKS=@@UNIQUE_CHECKS, UNIQUE_CHECKS=0;
SET @OLD_FOREIGN_KEY_CHECKS=@@FOREIGN_KEY_CHECKS, FOREIGN_KEY_CHECKS=0;
SET @OLD_SQL_MODE=@@SQL_MODE, SQL_MODE='TRADITIONAL,ALLOW_INVALID_DATES';

-- -----------------------------------------------------
-- Schema sjc15d
-- -----------------------------------------------------

-- -----------------------------------------------------
-- Schema sjc15d
-- -----------------------------------------------------
CREATE SCHEMA IF NOT EXISTS `sjc15d` DEFAULT CHARACTER SET utf8 ;
SHOW WARNINGS;
USE `sjc15d` ;

-- -----------------------------------------------------
-- Table `sjc15d`.`petstore`
-- -----------------------------------------------------
DROP TABLE IF EXISTS `sjc15d`.`petstore` ;

SHOW WARNINGS;
CREATE TABLE IF NOT EXISTS `sjc15d`.`petstore` (
  `pst_id` SMALLINT UNSIGNED NOT NULL AUTO_INCREMENT,
  `pst_name` VARCHAR(30) NOT NULL,
  `pst_street` VARCHAR(30) NOT NULL,
  `pst_city` VARCHAR(30) NOT NULL,
  `pst_state` CHAR(2) NOT NULL,
  `pst_zip` INT(9) UNSIGNED NOT NULL,
  `pst_phone` BIGINT UNSIGNED NOT NULL,
  `pst_email` VARCHAR(100) NOT NULL,
  `pst_url` VARCHAR(100) NOT NULL,
  `pst_ytd_sales` DECIMAL(10,2) UNSIGNED NOT NULL,
  `pst_notes` VARCHAR(255) NULL,
  PRIMARY KEY (`pst_id`))
ENGINE = InnoDB;

SHOW WARNINGS;

-- -----------------------------------------------------
-- Table `sjc15d`.`customer`
-- -----------------------------------------------------
DROP TABLE IF EXISTS `sjc15d`.`customer` ;

SHOW WARNINGS;
CREATE TABLE IF NOT EXISTS `sjc15d`.`customer` (
  `cus_id` SMALLINT UNSIGNED NOT NULL AUTO_INCREMENT,
  `cus_fname` VARCHAR(15) NOT NULL,
  `cus_lname` VARCHAR(30) NOT NULL,
  `cus_street` VARCHAR(30) NOT NULL,
  `cus_city` VARCHAR(30) NOT NULL,
  `cus_state` CHAR(2) NOT NULL,
  `cus_zip` INT UNSIGNED NOT NULL,
  `cus_phone` BIGINT UNSIGNED NOT NULL,
  `cus_email` VARCHAR(100) NOT NULL,
  `cus_balance` DECIMAL(6,2) UNSIGNED NOT NULL,
  `cus_total_sales` DECIMAL(6,2) UNSIGNED NOT NULL,
  `cus_notes` VARCHAR(255) NULL,
  PRIMARY KEY (`cus_id`))
ENGINE = InnoDB;

SHOW WARNINGS;

-- -----------------------------------------------------
-- Table `sjc15d`.`pet`
-- -----------------------------------------------------
DROP TABLE IF EXISTS `sjc15d`.`pet` ;

SHOW WARNINGS;
CREATE TABLE IF NOT EXISTS `sjc15d`.`pet` (
  `pet_id` SMALLINT UNSIGNED NOT NULL AUTO_INCREMENT,
  `pst_id` SMALLINT UNSIGNED NOT NULL,
  `cus_id` SMALLINT UNSIGNED NULL,
  `pet_type` VARCHAR(45) NOT NULL,
  `pet_sex` ENUM('m', 'f') NOT NULL,
  `pet_cost` DECIMAL(6,2) UNSIGNED NOT NULL,
  `pet_price` DECIMAL(6,2) UNSIGNED NOT NULL,
  `pet_age` TINYINT UNSIGNED NOT NULL,
  `pet_color` VARCHAR(20) NOT NULL,
  `pet_sale_date` DATE NULL,
  `pet_vaccine` ENUM('y', 'n') NOT NULL,
  `pet_neuter` ENUM('y', 'n') NOT NULL,
  `pet_notes` VARCHAR(255) NULL,
  PRIMARY KEY (`pet_id`),
  CONSTRAINT `fk_pet_petstore`
    FOREIGN KEY (`pst_id`)
    REFERENCES `sjc15d`.`petstore` (`pst_id`)
    ON DELETE CASCADE
    ON UPDATE CASCADE,
  CONSTRAINT `fk_pet_customer1`
    FOREIGN KEY (`cus_id`)
    REFERENCES `sjc15d`.`customer` (`cus_id`)
    ON DELETE CASCADE
    ON UPDATE CASCADE)
ENGINE = InnoDB;

SHOW WARNINGS;
CREATE INDEX `fk_pet_petstore_idx` ON `sjc15d`.`pet` (`pst_id` ASC);

SHOW WARNINGS;
CREATE INDEX `fk_pet_customer1_idx` ON `sjc15d`.`pet` (`cus_id` ASC);

SHOW WARNINGS;

SET SQL_MODE=@OLD_SQL_MODE;
SET FOREIGN_KEY_CHECKS=@OLD_FOREIGN_KEY_CHECKS;
SET UNIQUE_CHECKS=@OLD_UNIQUE_CHECKS;

-- -----------------------------------------------------
-- Data for table `sjc15d`.`petstore`
-- -----------------------------------------------------
START TRANSACTION;
USE `sjc15d`;
INSERT INTO `sjc15d`.`petstore` (`pst_id`, `pst_name`, `pst_street`, `pst_city`, `pst_state`, `pst_zip`, `pst_phone`, `pst_email`, `pst_url`, `pst_ytd_sales`, `pst_notes`) VALUES (1, 'Critters Cabin', '1282 W Parkland Street', 'Tallahassee', 'FL', 32304, 2532537390, 'crittersonparkland@critterscabin.com', 'www.critterscabin.com/parkland', 34232.65, NULL);
INSERT INTO `sjc15d`.`petstore` (`pst_id`, `pst_name`, `pst_street`, `pst_city`, `pst_state`, `pst_zip`, `pst_phone`, `pst_email`, `pst_url`, `pst_ytd_sales`, `pst_notes`) VALUES (2, 'Critters Cabin', '1323 SE Windward Dr', 'St Petersburg', 'FL', 33704, 7274800885, 'crittersonwindward@critterscabin.com', 'www.critterscabin.com/windward', 45243.54, NULL);
INSERT INTO `sjc15d`.`petstore` (`pst_id`, `pst_name`, `pst_street`, `pst_city`, `pst_state`, `pst_zip`, `pst_phone`, `pst_email`, `pst_url`, `pst_ytd_sales`, `pst_notes`) VALUES (3, 'Dorman\'s Dogs', '2324 Hobbit Way', 'Tallahassee', 'FL', 32304, 4234787283, 'hobbitpets@gmail.com', 'hobbitpets.com', 655674.00, NULL);
INSERT INTO `sjc15d`.`petstore` (`pst_id`, `pst_name`, `pst_street`, `pst_city`, `pst_state`, `pst_zip`, `pst_phone`, `pst_email`, `pst_url`, `pst_ytd_sales`, `pst_notes`) VALUES (4, 'Mulligans Dogs', '4263 Flordia Street', 'Tampa', 'FL', 33629, 2238572934, 'mulligansdogs@yahoo.com', 'mdog.com', 234234.24, NULL);
INSERT INTO `sjc15d`.`petstore` (`pst_id`, `pst_name`, `pst_street`, `pst_city`, `pst_state`, `pst_zip`, `pst_phone`, `pst_email`, `pst_url`, `pst_ytd_sales`, `pst_notes`) VALUES (5, 'Man\'s Best Friend', '2412 Houser Drive', 'Tampa', 'FL', 43534, 4568264334, 'mansbestfriend@gmail.com', 'mansbestfriend.com', 24435.34, NULL);
INSERT INTO `sjc15d`.`petstore` (`pst_id`, `pst_name`, `pst_street`, `pst_city`, `pst_state`, `pst_zip`, `pst_phone`, `pst_email`, `pst_url`, `pst_ytd_sales`, `pst_notes`) VALUES (6, 'Fish Land', '435 Newman Lane', 'Miami', 'FL', 43462, 4673453243, 'fishland@google.com', 'fishland.com', 3253453.34, NULL);
INSERT INTO `sjc15d`.`petstore` (`pst_id`, `pst_name`, `pst_street`, `pst_city`, `pst_state`, `pst_zip`, `pst_phone`, `pst_email`, `pst_url`, `pst_ytd_sales`, `pst_notes`) VALUES (7, 'More Cats', '3546 Island Drive', 'Stewart', 'FL', 52323, 3537652374, 'morecats@yahoo.com', 'morecats.com', 323746.34, NULL);
INSERT INTO `sjc15d`.`petstore` (`pst_id`, `pst_name`, `pst_street`, `pst_city`, `pst_state`, `pst_zip`, `pst_phone`, `pst_email`, `pst_url`, `pst_ytd_sales`, `pst_notes`) VALUES (8, 'Dogs on Deck', '342 Tillman Way', 'Tallahassee', 'FL', 34234, 3294508234, 'dogsondeck@gmail.com', 'dogsondeck.com', 23423.32, '');
INSERT INTO `sjc15d`.`petstore` (`pst_id`, `pst_name`, `pst_street`, `pst_city`, `pst_state`, `pst_zip`, `pst_phone`, `pst_email`, `pst_url`, `pst_ytd_sales`, `pst_notes`) VALUES (9, 'Pets Everywhere', '2525 Melbourne Street', 'Tampa', 'FL', 23422, 4734598085, 'petseverywhere@yahoo.com', 'petseverywhere.com', 342364.63, NULL);
INSERT INTO `sjc15d`.`petstore` (`pst_id`, `pst_name`, `pst_street`, `pst_city`, `pst_state`, `pst_zip`, `pst_phone`, `pst_email`, `pst_url`, `pst_ytd_sales`, `pst_notes`) VALUES (10, 'Monkey Emporium', '234 Jungle Way', 'Tampa', 'FL', 32534, 4675384579, 'monkeyemporium@gmail.com', 'monkeyemporium.com', 968554.34, NULL);

COMMIT;


-- -----------------------------------------------------
-- Data for table `sjc15d`.`customer`
-- -----------------------------------------------------
START TRANSACTION;
USE `sjc15d`;
INSERT INTO `sjc15d`.`customer` (`cus_id`, `cus_fname`, `cus_lname`, `cus_street`, `cus_city`, `cus_state`, `cus_zip`, `cus_phone`, `cus_email`, `cus_balance`, `cus_total_sales`, `cus_notes`) VALUES (1, 'Bob', 'Mcgee', '33 West Woods Dr', 'Jacksonville', 'FL', 32304, 8123359867, 'fkw23@yahoo.com', 38.00, 405.34, 'Good guy. Hates his wife.');
INSERT INTO `sjc15d`.`customer` (`cus_id`, `cus_fname`, `cus_lname`, `cus_street`, `cus_city`, `cus_state`, `cus_zip`, `cus_phone`, `cus_email`, `cus_balance`, `cus_total_sales`, `cus_notes`) VALUES (2, 'Jim', 'Hiller', '65 Yonder Way', 'Tampa', 'FL', 34325, 6473857321, 'fjs@jgn.com', 0.00, 542.23, 'Great customer.');
INSERT INTO `sjc15d`.`customer` (`cus_id`, `cus_fname`, `cus_lname`, `cus_street`, `cus_city`, `cus_state`, `cus_zip`, `cus_phone`, `cus_email`, `cus_balance`, `cus_total_sales`, `cus_notes`) VALUES (3, 'Kyle', 'Hill', '34 Fall Street', 'Odessa', 'FL', 34275, 4628507362, 'kjh87@myspace.com', 1000.00, 424.23, 'Owes us money');
INSERT INTO `sjc15d`.`customer` (`cus_id`, `cus_fname`, `cus_lname`, `cus_street`, `cus_city`, `cus_state`, `cus_zip`, `cus_phone`, `cus_email`, `cus_balance`, `cus_total_sales`, `cus_notes`) VALUES (4, 'Michael', 'Vick', '32 Windsor Way', 'Atlanta', 'GA', 26358, 5763926574, 'mav78@dogs.com', 0.00, 564.00, 'Buys a lot of pitbulls.');
INSERT INTO `sjc15d`.`customer` (`cus_id`, `cus_fname`, `cus_lname`, `cus_street`, `cus_city`, `cus_state`, `cus_zip`, `cus_phone`, `cus_email`, `cus_balance`, `cus_total_sales`, `cus_notes`) VALUES (5, 'Jimbo', 'Fisher', '674 Walkaway Lane', 'Houston', 'TX', 67436, 3869457263, 'jimbo@taam.com', 20.17, 300.00, 'Owes us our 2017 football season back.');
INSERT INTO `sjc15d`.`customer` (`cus_id`, `cus_fname`, `cus_lname`, `cus_street`, `cus_city`, `cus_state`, `cus_zip`, `cus_phone`, `cus_email`, `cus_balance`, `cus_total_sales`, `cus_notes`) VALUES (6, 'Kevin', 'Anderson', '2195 W Tennessee Street', 'Tallahassee', 'FL', 32304, 4379445486, 'kja@fsu.edu', 900.87, 426.67, 'Mormon');
INSERT INTO `sjc15d`.`customer` (`cus_id`, `cus_fname`, `cus_lname`, `cus_street`, `cus_city`, `cus_state`, `cus_zip`, `cus_phone`, `cus_email`, `cus_balance`, `cus_total_sales`, `cus_notes`) VALUES (7, 'Joshua', 'Williamson', '745 Olympic Drive', 'Bobsledland', 'ME', 49673, 5748673967, 'jww@teamusa.com', 0.00, 534.23, 'Olympic Bobsled Athlete');
INSERT INTO `sjc15d`.`customer` (`cus_id`, `cus_fname`, `cus_lname`, `cus_street`, `cus_city`, `cus_state`, `cus_zip`, `cus_phone`, `cus_email`, `cus_balance`, `cus_total_sales`, `cus_notes`) VALUES (8, 'Tucker', 'Turner', '435 Toothless Lane', 'Tallahassee', 'FL', 35734, 6740797379, 'trt@dentalassociation.org', 48.76, 348.87, 'Needs new teeth');
INSERT INTO `sjc15d`.`customer` (`cus_id`, `cus_fname`, `cus_lname`, `cus_street`, `cus_city`, `cus_state`, `cus_zip`, `cus_phone`, `cus_email`, `cus_balance`, `cus_total_sales`, `cus_notes`) VALUES (9, 'James', 'Tullis', '3573 Whipped Way', 'Jacksonville', 'FL', 37953, 6730460348, 'jft@sticks.com', 482.56, 248.35, NULL);
INSERT INTO `sjc15d`.`customer` (`cus_id`, `cus_fname`, `cus_lname`, `cus_street`, `cus_city`, `cus_state`, `cus_zip`, `cus_phone`, `cus_email`, `cus_balance`, `cus_total_sales`, `cus_notes`) VALUES (10, 'James', 'Blackmon', '232 Man Way', 'Orlando', 'FL', 67459, 4574369764, 'jamesb@fsu.edu', 35.78, 247.34, 'Maybe next year');

COMMIT;


-- -----------------------------------------------------
-- Data for table `sjc15d`.`pet`
-- -----------------------------------------------------
START TRANSACTION;
USE `sjc15d`;
INSERT INTO `sjc15d`.`pet` (`pet_id`, `pst_id`, `cus_id`, `pet_type`, `pet_sex`, `pet_cost`, `pet_price`, `pet_age`, `pet_color`, `pet_sale_date`, `pet_vaccine`, `pet_neuter`, `pet_notes`) VALUES (1, 1, 1, 'Rabbit', 'm', 3.00, 40.00, 1, 'Brown', '2017-02-13', 'y', 'y', NULL);
INSERT INTO `sjc15d`.`pet` (`pet_id`, `pst_id`, `cus_id`, `pet_type`, `pet_sex`, `pet_cost`, `pet_price`, `pet_age`, `pet_color`, `pet_sale_date`, `pet_vaccine`, `pet_neuter`, `pet_notes`) VALUES (2, 2, 7, 'Snake', 'f', 2.00, 150.00, 3, 'Green', '2017-09-21', 'y', 'y', NULL);
INSERT INTO `sjc15d`.`pet` (`pet_id`, `pst_id`, `cus_id`, `pet_type`, `pet_sex`, `pet_cost`, `pet_price`, `pet_age`, `pet_color`, `pet_sale_date`, `pet_vaccine`, `pet_neuter`, `pet_notes`) VALUES (3, 3, 2, 'Horse', 'm', 400.00, 1000.00, 4, 'White', '2016-08-07', 'y', 'y', NULL);
INSERT INTO `sjc15d`.`pet` (`pet_id`, `pst_id`, `cus_id`, `pet_type`, `pet_sex`, `pet_cost`, `pet_price`, `pet_age`, `pet_color`, `pet_sale_date`, `pet_vaccine`, `pet_neuter`, `pet_notes`) VALUES (4, 10, 5, 'Monkey', 'm', 50.00, 1089.00, 1, 'Brown', '2015-04-20', 'y', 'y', NULL);
INSERT INTO `sjc15d`.`pet` (`pet_id`, `pst_id`, `cus_id`, `pet_type`, `pet_sex`, `pet_cost`, `pet_price`, `pet_age`, `pet_color`, `pet_sale_date`, `pet_vaccine`, `pet_neuter`, `pet_notes`) VALUES (5, 4, 4, 'Dog', 'f', 20.00, 1000.00, 2, 'Yellow', '2017-08-23', 'y', 'y', NULL);
INSERT INTO `sjc15d`.`pet` (`pet_id`, `pst_id`, `cus_id`, `pet_type`, `pet_sex`, `pet_cost`, `pet_price`, `pet_age`, `pet_color`, `pet_sale_date`, `pet_vaccine`, `pet_neuter`, `pet_notes`) VALUES (6, 5, 6, 'Cat', 'm', 15.00, 50.00, 2, 'Black', '2017-04-22', 'y', 'y', NULL);
INSERT INTO `sjc15d`.`pet` (`pet_id`, `pst_id`, `cus_id`, `pet_type`, `pet_sex`, `pet_cost`, `pet_price`, `pet_age`, `pet_color`, `pet_sale_date`, `pet_vaccine`, `pet_neuter`, `pet_notes`) VALUES (7, 6, 9, 'Cat', 'f', 15.00, 50.00, 1, 'Grey', '2018-09-13', 'y', 'y', NULL);
INSERT INTO `sjc15d`.`pet` (`pet_id`, `pst_id`, `cus_id`, `pet_type`, `pet_sex`, `pet_cost`, `pet_price`, `pet_age`, `pet_color`, `pet_sale_date`, `pet_vaccine`, `pet_neuter`, `pet_notes`) VALUES (8, 7, 8, 'Dog', 'm', 20.00, 120.00, 1, 'Mango', '2018-02-16', 'y', 'y', NULL);
INSERT INTO `sjc15d`.`pet` (`pet_id`, `pst_id`, `cus_id`, `pet_type`, `pet_sex`, `pet_cost`, `pet_price`, `pet_age`, `pet_color`, `pet_sale_date`, `pet_vaccine`, `pet_neuter`, `pet_notes`) VALUES (9, 8, NULL, 'Cat', 'm', 15.00, 50.00, 1, 'Black', NULL, 'y', 'y', NULL);
INSERT INTO `sjc15d`.`pet` (`pet_id`, `pst_id`, `cus_id`, `pet_type`, `pet_sex`, `pet_cost`, `pet_price`, `pet_age`, `pet_color`, `pet_sale_date`, `pet_vaccine`, `pet_neuter`, `pet_notes`) VALUES (10, 9, NULL, 'Fish', 'm', 1200.00, 1300.00, 1, 'Blue', NULL, 'n', 'n', NULL);

COMMIT;

